11676	None	A04321
11676	None	A07108
11676	None	A07116
11676	None	A07867
11676	None	A14116
11676	None	A34828
11676	None	AB023804
11676	None	AB032740
11676	None	AB032741
11676	None	AB049811
11676	None	AB052867
11676	None	AB052995
11676	None	AB070352
11676	None	AB070353
11676	None	AB078005
11676	None	AB097865
11676	None	AB097866
11676	None	AB097867
11676	None	AB097868
11676	None	AB097869
11676	None	AB097870
11676	None	AB097871
11676	None	AB097872
11676	None	AB097873
11676	None	AB098330
11676	None	AB098331
11676	None	AB098332
11676	None	AB098333
11676	None	AB220944
11676	None	AB220945
11676	None	AB220946
11676	None	AB220947
11676	None	AB220948
11676	None	AB221005
11676	None	AB221125
11676	None	AB221126
11676	None	AB231893
11676	None	AB231894
11676	None	AB231895
11676	None	AB231896
11676	None	AB231897
11676	None	AB231898
11676	None	AB253421
11676	None	AB253422
11676	None	AB253423
11676	None	AB253424
11676	None	AB253425
11676	None	AB253426
11676	None	AB253427
11676	None	AB253428
11676	None	AB253429
11676	None	AB253430
11676	None	AB253431
11676	None	AB253432
11676	None	AB253635
11676	None	AB253636
11676	None	AB253637
11676	None	AB253638
11676	None	AB253639
11676	None	AB253640
11676	None	AB253641
11676	None	AB253642
11676	None	AB253643
11676	None	AB253644
11676	None	AB253645
11676	None	AB253646
11676	None	AB253647
11676	None	AB253648
11676	None	AB253649
11676	None	AB253650
11676	None	AB253651
11676	None	AB253652
11676	None	AB253653
11676	None	AB253654
11676	None	AB253655
11676	None	AB253656
11676	None	AB253657
11676	None	AB253658
11676	None	AB253659
11676	None	AB253660
11676	None	AB253661
11676	None	AB253662
11676	None	AB253663
11676	None	AB253664
11676	None	AB253665
11676	None	AB253666
11676	None	AB253667
11676	None	AB253668
11676	None	AB253669
11676	None	AB253670
11676	None	AB253671
11676	None	AB253672
11676	None	AB253673
11676	None	AB253674
11676	None	AB253675
11676	None	AB253676
11676	None	AB253677
11676	None	AB253678
11676	None	AB253679
11676	None	AB253680
11676	None	AB253681
11676	None	AB253682
11676	None	AB253683
11676	None	AB253684
11676	None	AB253685
11676	None	AB253686
11676	None	AB253687
11676	None	AB253688
11676	None	AB253689
11676	None	AB253690
11676	None	AB253691
11676	None	AB253692
11676	None	AB253693
11676	None	AB253694
11676	None	AB253695
11676	None	AB253696
11676	None	AB253697
11676	None	AB253698
11676	None	AB253699
11676	None	AB253700
11676	None	AB253701
11676	None	AB253702
11676	None	AB253703
11676	None	AB253704
11676	None	AB253705
11676	None	AB253706
11676	None	AB253707
11676	None	AB253708
11676	None	AB253709
11676	None	AB253710
11676	None	AB253711
11676	None	AB253712
11676	None	AB253713
11676	None	AB253714
11676	None	AB253715
11676	None	AB253716
11676	None	AB253717
11676	None	AB253718
11676	None	AB253719
11676	None	AB253720
11676	None	AB253721
11676	None	AB253722
11676	None	AB253723
11676	None	AB253724
11676	None	AB253725
11676	None	AB254141
11676	None	AB254142
11676	None	AB254143
11676	None	AB254144
11676	None	AB254145
11676	None	AB254146
11676	None	AB254147
11676	None	AB254148
11676	None	AB254149
11676	None	AB254150
11676	None	AB254151
11676	None	AB254152
11676	None	AB254153
11676	None	AB254154
11676	None	AB254155
11676	None	AB254156
11676	None	AB286849
11676	None	AB286850
11676	None	AB286851
11676	None	AB286852
11676	None	AB286853
11676	None	AB286854
11676	None	AB286855
11676	None	AB286856
11676	None	AB286857
11676	None	AB286858
11676	None	AB286859
11676	None	AB286860
11676	None	AB286861
11676	None	AB286862
11676	None	AB286863
11676	None	AB286864
11676	None	AB286955
11676	None	AB286956
11676	None	AB287003
11676	None	AB287004
11676	None	AB287363
11676	None	AB287364
11676	None	AB287365
11676	None	AB287366
11676	None	AB287367
11676	None	AB287368
11676	None	AB287369
11676	None	AB287370
11676	None	AB287371
11676	None	AB287372
11676	None	AB287376
11676	None	AB287377
11676	None	AB287378
11676	None	AB287379
11676	None	AB289587
11676	None	AB289588
11676	None	AB289589
11676	None	AB289590
11676	None	AB428551
11676	None	AB428552
11676	None	AB428553
11676	None	AB428554
11676	None	AB428555
11676	None	AB428556
11676	None	AB428557
11676	None	AB428558
11676	None	AB428559
11676	None	AB428560
11676	None	AB428561
11676	None	AB428562
11676	None	AB480044
11676	None	AB480045
11676	None	AB480046
11676	None	AB480047
11676	None	AB480048
11676	None	AB480298
11676	None	AB480299
11676	None	AB480300
11676	None	AB480301
11676	None	AB480692
11676	None	AB480693
11676	None	AB480694
11676	None	AB480695
11676	None	AB480696
11676	None	AB480697
11676	None	AB480698
11676	None	AB485632
11676	None	AB485633
11676	None	AB485634
11676	None	AB485635
11676	None	AB485636
11676	None	AB485637
11676	None	AB485638
11676	None	AB485639
11676	None	AB485640
11676	None	AB485641
11676	None	AB485642
11676	None	AB485643
11676	None	AB485644
11676	None	AB485645
11676	None	AB485646
11676	None	AB485647
11676	None	AB485648
11676	None	AB485649
11676	None	AB485650
11676	None	AB485651
11676	None	AB485652
11676	None	AB485653
11676	None	AB485654
11676	None	AB485655
11676	None	AB485656
11676	None	AB485657
11676	None	AB485658
11676	None	AB485659
11676	None	AB485660
11676	None	AB485661
11676	None	AB485662
11676	None	AB485663
11676	None	AB485664
11676	None	AB485665
11676	None	AB485666
11676	None	AB485667
11676	None	AB485668
11676	None	AB485669
11676	None	AB547463
11676	None	AB547464
11676	None	AB564744
11676	None	AB564745
11676	None	AB564746
11676	None	AB565478
11676	None	AB565479
11676	None	AB565495
11676	None	AB565496
11676	None	AB565497
11676	None	AB565498
11676	None	AB565499
11676	None	AB565500
11676	None	AB565501
11676	None	AB565502
11676	None	AB565503
11676	None	AB565504
11676	None	AB604946
11676	None	AB604947
11676	None	AB604948
11676	None	AB604949
11676	None	AB604950
11676	None	AB604951
11676	None	AB641836
11676	None	AB641837
11676	None	AB646289
11676	None	AB646691
11676	None	AB703616
11676	None	AB731663
11676	None	AB731664
11676	None	AB731665
11676	None	AB731666
11676	None	AB731667
11676	None	AB731668
11676	None	AB731669
11676	None	AB731670
11676	None	AB746342
11676	None	AB746343
11676	None	AB746344
11676	None	AB746345
11676	None	AB845344
11676	None	AB845345
11676	None	AB845346
11676	None	AB845347
11676	None	AB845348
11676	None	AB845349
11676	None	AB859012
11676	None	AF003887
11676	None	AF003888
11676	None	AF004394
11676	None	AF004885
11676	None	AF005494
11676	None	AF005495
11676	None	AF005496
11676	None	AF033819
11676	None	AF042100
11676	None	AF042101
11676	None	AF042102
11676	None	AF042103
11676	None	AF042104
11676	None	AF042105
11676	None	AF042106
11676	None	AF049337
11676	None	AF049494
11676	None	AF049495
11676	None	AF061640
11676	None	AF061641
11676	None	AF061642
11676	None	AF063223
11676	None	AF063224
11676	None	AF064699
11676	None	AF067154
11676	None	AF067155
11676	None	AF067156
11676	None	AF067157
11676	None	AF067158
11676	None	AF067159
11676	None	AF069140
11676	None	AF069671
11676	None	AF070521
11676	None	AF075701
11676	None	AF075702
11676	None	AF075703
11676	None	AF075719
11676	None	AF076474
11676	None	AF076475
11676	None	AF076998
11676	None	AF077336
11676	None	AF082394
11676	None	AF082395
11676	None	AF084936
11676	None	AF086817
11676	None	AF107770
11676	None	AF107771
11676	None	AF110959
11676	None	AF110960
11676	None	AF110961
11676	None	AF110962
11676	None	AF110963
11676	None	AF110964
11676	None	AF110965
11676	None	AF110966
11676	None	AF110967
11676	None	AF110968
11676	None	AF110969
11676	None	AF110970
11676	None	AF110971
11676	None	AF110972
11676	None	AF110973
11676	None	AF110974
11676	None	AF110975
11676	None	AF110976
11676	None	AF110977
11676	None	AF110978
11676	None	AF110979
11676	None	AF110980
11676	None	AF110981
11676	None	AF119819
11676	None	AF119820
11676	None	AF133821
11676	None	AF164485
11676	None	AF179368
11676	None	AF184155
11676	None	AF190127
11676	None	AF192135
11676	None	AF193253
11676	None	AF193275
11676	None	AF193276
11676	None	AF193277
11676	None	AF197338
11676	None	AF197339
11676	None	AF197340
11676	None	AF197341
11676	None	AF224507
11676	None	AF256205
11676	None	AF256206
11676	None	AF256207
11676	None	AF256211
11676	None	AF259954
11676	None	AF259955
11676	None	AF286223
11676	None	AF286224
11676	None	AF286225
11676	None	AF286226
11676	None	AF286227
11676	None	AF286228
11676	None	AF286229
11676	None	AF286230
11676	None	AF286231
11676	None	AF286232
11676	None	AF286233
11676	None	AF286234
11676	None	AF286235
11676	None	AF286236
11676	None	AF286237
11676	None	AF286238
11676	None	AF286239
11676	None	AF286365
11676	None	AF289548
11676	None	AF289549
11676	None	AF289550
11676	None	AF290027
11676	None	AF290028
11676	None	AF290029
11676	None	AF290030
11676	None	AF316544
11676	None	AF321523
11676	None	AF332867
11676	None	AF361873
11676	None	AF362994
11676	None	AF377958
11676	None	AF385934
11676	None	AF385935
11676	None	AF385936
11676	None	AF407418
11676	None	AF407419
11676	None	AF408626
11676	None	AF408627
11676	None	AF408628
11676	None	AF408629
11676	None	AF408630
11676	None	AF408631
11676	None	AF408632
11676	None	AF411964
11676	None	AF411965
11676	None	AF411966
11676	None	AF411967
11676	None	AF413987
11676	None	AF414006
11676	None	AF423755
11676	None	AF423756
11676	None	AF423757
11676	None	AF423758
11676	None	AF423759
11676	None	AF423760
11676	None	AF443074
11676	None	AF443075
11676	None	AF443076
11676	None	AF443077
11676	None	AF443078
11676	None	AF443079
11676	None	AF443080
11676	None	AF443081
11676	None	AF443082
11676	None	AF443083
11676	None	AF443084
11676	None	AF443085
11676	None	AF443086
11676	None	AF443087
11676	None	AF443088
11676	None	AF443089
11676	None	AF443090
11676	None	AF443091
11676	None	AF443092
11676	None	AF443093
11676	None	AF443094
11676	None	AF443095
11676	None	AF443096
11676	None	AF443097
11676	None	AF443098
11676	None	AF443099
11676	None	AF443100
11676	None	AF443101
11676	None	AF443102
11676	None	AF443103
11676	None	AF443104
11676	None	AF443105
11676	None	AF443107
11676	None	AF443108
11676	None	AF443109
11676	None	AF443110
11676	None	AF443111
11676	None	AF443112
11676	None	AF443113
11676	None	AF443114
11676	None	AF443115
11676	None	AF450096
11676	None	AF450097
11676	None	AF450098
11676	None	AF457058
11676	None	AF460972
11676	None	AF460974
11676	None	AF468970
11676	None	AF484480
11676	None	AF484485
11676	None	AF484511
11676	None	AF484515
11676	None	AF490973
11676	None	AF490974
11676	None	AF492623
11676	None	AF492624
11676	None	AF503396
11676	None	AF516184
11676	None	AF529572
11676	None	AF529573
11676	None	AF530576
11676	None	AF538302
11676	None	AF538303
11676	None	AJ006022
11676	None	AJ006287
11676	None	AJ237565
11676	None	AJ239083
11676	None	AJ245481
11676	None	AJ251056
11676	None	AJ251057
11676	None	AJ271370
11676	None	AJ271445
11676	None	AJ276595
11676	None	AJ276596
11676	None	AJ288981
11676	None	AJ288982
11676	None	AJ291718
11676	None	AJ291719
11676	None	AJ291720
11676	None	AJ302646
11676	None	AJ302647
11676	None	AJ320484
11676	None	AJ404325
11676	None	AJ508595
11676	None	AJ508596
11676	None	AJ508597
11676	None	AJ519488
11676	None	AJ519489
11676	None	AJ866553
11676	None	AJ866554
11676	None	AJ866555
11676	None	AJ866556
11676	None	AJ866557
11676	None	AJ866558
11676	None	AM000053
11676	None	AM000054
11676	None	AM000055
11676	None	AP005206
11676	None	AP005207
11676	None	AY008714
11676	None	AY008715
11676	None	AY008716
11676	None	AY008717
11676	None	AY008718
11676	None	AY037282
11676	None	AY046058
11676	None	AY049708
11676	None	AY049709
11676	None	AY049710
11676	None	AY049711
11676	None	AY074891
11676	None	AY082968
11676	None	AY093603
11676	None	AY093604
11676	None	AY093605
11676	None	AY118165
11676	None	AY118166
11676	None	AY125894
11676	None	AY158533
11676	None	AY158534
11676	None	AY158535
11676	None	AY162223
11676	None	AY162224
11676	None	AY162225
11676	None	AY167123
11676	None	AY169802
11676	None	AY169803
11676	None	AY169804
11676	None	AY169805
11676	None	AY169806
11676	None	AY169807
11676	None	AY169808
11676	None	AY169809
11676	None	AY169810
11676	None	AY169811
11676	None	AY169812
11676	None	AY169813
11676	None	AY169814
11676	None	AY169815
11676	None	AY169816
11676	None	AY173951
11676	None	AY173952
11676	None	AY173953
11676	None	AY173954
11676	None	AY173955
11676	None	AY173956
11676	None	AY173957
11676	None	AY173958
11676	None	AY180905
11676	None	AY227107
11676	None	AY228556
11676	None	AY228557
11676	None	AY237165
11676	None	AY237166
11676	None	AY237167
11676	None	AY271690
11676	None	AY308760
11676	None	AY308761
11676	None	AY308762
11676	None	AY314044
11676	None	AY314045
11676	None	AY314046
11676	None	AY314047
11676	None	AY314048
11676	None	AY314049
11676	None	AY314050
11676	None	AY314051
11676	None	AY314052
11676	None	AY314053
11676	None	AY314054
11676	None	AY314055
11676	None	AY314056
11676	None	AY314057
11676	None	AY314058
11676	None	AY314059
11676	None	AY314060
11676	None	AY314061
11676	None	AY314062
11676	None	AY314063
11676	None	AY322184
11676	None	AY322185
11676	None	AY322187
11676	None	AY322189
11676	None	AY322190
11676	None	AY322191
11676	None	AY322193
11676	None	AY331282
11676	None	AY331283
11676	None	AY331284
11676	None	AY331285
11676	None	AY331286
11676	None	AY331287
11676	None	AY331288
11676	None	AY331289
11676	None	AY331290
11676	None	AY331292
11676	None	AY331293
11676	None	AY331294
11676	None	AY331296
11676	None	AY331297
11676	None	AY332236
11676	None	AY352275
11676	None	AY352654
11676	None	AY352655
11676	None	AY352656
11676	None	AY352657
11676	None	AY423381
11676	None	AY423382
11676	None	AY423383
11676	None	AY423384
11676	None	AY423385
11676	None	AY423386
11676	None	AY423387
11676	None	AY445524
11676	None	AY455778
11676	None	AY455779
11676	None	AY455780
11676	None	AY455781
11676	None	AY455782
11676	None	AY455783
11676	None	AY455784
11676	None	AY455785
11676	None	AY463217
11676	None	AY463218
11676	None	AY463219
11676	None	AY463220
11676	None	AY463221
11676	None	AY463222
11676	None	AY463223
11676	None	AY463224
11676	None	AY463225
11676	None	AY463226
11676	None	AY463227
11676	None	AY463228
11676	None	AY463229
11676	None	AY463230
11676	None	AY463231
11676	None	AY463232
11676	None	AY463233
11676	None	AY463234
11676	None	AY463235
11676	None	AY463236
11676	None	AY463237
11676	None	AY500393
11676	None	AY531116
11676	None	AY532635
11676	None	AY535659
11676	None	AY535660
11676	None	AY536233
11676	None	AY536234
11676	None	AY536235
11676	None	AY536236
11676	None	AY536237
11676	None	AY536238
11676	None	AY560107
11676	None	AY560108
11676	None	AY560109
11676	None	AY560110
11676	None	AY585264
11676	None	AY585265
11676	None	AY585266
11676	None	AY585267
11676	None	AY585268
11676	None	AY586540
11676	None	AY586541
11676	None	AY586542
11676	None	AY586543
11676	None	AY586544
11676	None	AY586545
11676	None	AY586546
11676	None	AY586547
11676	None	AY586548
11676	None	AY586549
11676	None	AY588970
11676	None	AY588971
11676	None	AY612637
11676	None	AY618998
11676	None	AY623602
11676	None	AY682547
11676	None	AY703908
11676	None	AY703909
11676	None	AY703910
11676	None	AY703911
11676	None	AY751406
11676	None	AY751407
11676	None	AY771588
11676	None	AY771589
11676	None	AY771590
11676	None	AY771591
11676	None	AY771592
11676	None	AY771593
11676	None	AY772535
11676	None	AY772690
11676	None	AY772691
11676	None	AY772692
11676	None	AY772693
11676	None	AY772694
11676	None	AY772695
11676	None	AY772696
11676	None	AY772698
11676	None	AY772699
11676	None	AY772700
11676	None	AY773338
11676	None	AY773339
11676	None	AY773340
11676	None	AY773341
11676	None	AY779550
11676	None	AY779551
11676	None	AY779552
11676	None	AY779553
11676	None	AY779554
11676	None	AY779555
11676	None	AY779556
11676	None	AY779557
11676	None	AY779558
11676	None	AY779559
11676	None	AY779560
11676	None	AY779561
11676	None	AY779562
11676	None	AY779563
11676	None	AY779564
11676	None	AY781125
11676	None	AY781126
11676	None	AY781127
11676	None	AY781128
11676	None	AY805330
11676	None	AY818641
11676	None	AY818642
11676	None	AY818643
11676	None	AY818644
11676	None	AY819715
11676	None	AY835748
11676	None	AY835749
11676	None	AY835750
11676	None	AY835751
11676	None	AY835753
11676	None	AY835754
11676	None	AY835755
11676	None	AY835756
11676	None	AY835757
11676	None	AY835758
11676	None	AY835759
11676	None	AY835760
11676	None	AY835761
11676	None	AY835762
11676	None	AY835763
11676	None	AY835764
11676	None	AY835765
11676	None	AY835766
11676	None	AY835767
11676	None	AY835769
11676	None	AY835770
11676	None	AY835771
11676	None	AY835772
11676	None	AY835773
11676	None	AY835774
11676	None	AY835775
11676	None	AY835776
11676	None	AY835777
11676	None	AY835778
11676	None	AY835779
11676	None	AY835780
11676	None	AY835781
11676	None	AY838565
11676	None	AY838566
11676	None	AY838567
11676	None	AY838568
11676	None	AY878054
11676	None	AY878055
11676	None	AY878056
11676	None	AY878057
11676	None	AY878058
11676	None	AY878059
11676	None	AY878060
11676	None	AY878061
11676	None	AY878062
11676	None	AY878063
11676	None	AY878064
11676	None	AY878065
11676	None	AY878066
11676	None	AY878067
11676	None	AY878068
11676	None	AY878070
11676	None	AY878071
11676	None	AY878072
11676	None	AY882421
11676	None	AY900571
11676	None	AY900572
11676	None	AY900574
11676	None	AY900575
11676	None	AY900576
11676	None	AY901965
11676	None	AY901966
11676	None	AY901967
11676	None	AY901968
11676	None	AY901969
11676	None	AY901970
11676	None	AY901971
11676	None	AY901972
11676	None	AY901973
11676	None	AY901974
11676	None	AY901975
11676	None	AY901976
11676	None	AY901977
11676	None	AY901978
11676	None	AY901979
11676	None	AY901980
11676	None	AY901981
11676	None	AY945709
11676	None	AY968312
11676	None	AY970946
11676	None	AY970947
11676	None	AY970948
11676	None	AY970949
11676	None	AY970950
11676	None	D10112
11676	None	D86068
11676	None	D86069
11676	None	DD409979
11676	None	DQ007901
11676	None	DQ007902
11676	None	DQ007903
11676	None	DQ011165
11676	None	DQ011166
11676	None	DQ011167
11676	None	DQ011168
11676	None	DQ011169
11676	None	DQ011170
11676	None	DQ011171
11676	None	DQ011172
11676	None	DQ011173
11676	None	DQ011174
11676	None	DQ011175
11676	None	DQ011176
11676	None	DQ011177
11676	None	DQ011178
11676	None	DQ011179
11676	None	DQ011180
11676	None	DQ017382
11676	None	DQ017383
11676	None	DQ020274
11676	None	DQ054367
11676	None	DQ056404
11676	None	DQ056405
11676	None	DQ056406
11676	None	DQ056407
11676	None	DQ056408
11676	None	DQ056409
11676	None	DQ056410
11676	None	DQ056411
11676	None	DQ056412
11676	None	DQ056413
11676	None	DQ056414
11676	None	DQ056415
11676	None	DQ056416
11676	None	DQ056417
11676	None	DQ056418
11676	None	DQ083238
11676	None	DQ085867
11676	None	DQ085869
11676	None	DQ085870
11676	None	DQ085871
11676	None	DQ085872
11676	None	DQ085873
11676	None	DQ085874
11676	None	DQ085875
11676	None	DQ085876
11676	None	DQ093585
11676	None	DQ093586
11676	None	DQ093587
11676	None	DQ093588
11676	None	DQ093589
11676	None	DQ093590
11676	None	DQ093591
11676	None	DQ093592
11676	None	DQ093593
11676	None	DQ093594
11676	None	DQ093595
11676	None	DQ093596
11676	None	DQ093597
11676	None	DQ093598
11676	None	DQ093599
11676	None	DQ093600
11676	None	DQ093601
11676	None	DQ093602
11676	None	DQ093603
11676	None	DQ093604
11676	None	DQ093605
11676	None	DQ093606
11676	None	DQ093607
11676	None	DQ164104
11676	None	DQ164105
11676	None	DQ164106
11676	None	DQ164107
11676	None	DQ164108
11676	None	DQ164109
11676	None	DQ164110
11676	None	DQ164111
11676	None	DQ164112
11676	None	DQ164113
11676	None	DQ164114
11676	None	DQ164115
11676	None	DQ164116
11676	None	DQ164117
11676	None	DQ164118
11676	None	DQ164119
11676	None	DQ164120
11676	None	DQ164121
11676	None	DQ164122
11676	None	DQ164123
11676	None	DQ164124
11676	None	DQ164125
11676	None	DQ164126
11676	None	DQ164127
11676	None	DQ164128
11676	None	DQ164129
11676	None	DQ207942
11676	None	DQ207943
11676	None	DQ230841
11676	None	DQ234790
11676	None	DQ295192
11676	None	DQ295193
11676	None	DQ295194
11676	None	DQ295195
11676	None	DQ295196
11676	None	DQ314731
11676	None	DQ314732
11676	None	DQ322239
11676	None	DQ351216
11676	None	DQ351217
11676	None	DQ351218
11676	None	DQ351219
11676	None	DQ351220
11676	None	DQ351221
11676	None	DQ351222
11676	None	DQ351223
11676	None	DQ351224
11676	None	DQ351225
11676	None	DQ351226
11676	None	DQ351227
11676	None	DQ351228
11676	None	DQ351229
11676	None	DQ351230
11676	None	DQ351231
11676	None	DQ351232
11676	None	DQ351233
11676	None	DQ351234
11676	None	DQ351235
11676	None	DQ351236
11676	None	DQ351237
11676	None	DQ351238
11676	None	DQ354116
11676	None	DQ354118
11676	None	DQ354123
11676	None	DQ358799
11676	None	DQ358800
11676	None	DQ358801
11676	None	DQ358802
11676	None	DQ358803
11676	None	DQ358804
11676	None	DQ358805
11676	None	DQ358806
11676	None	DQ358807
11676	None	DQ358808
11676	None	DQ358809
11676	None	DQ358810
11676	None	DQ358811
11676	None	DQ358812
11676	None	DQ366659
11676	None	DQ366660
11676	None	DQ366661
11676	None	DQ366662
11676	None	DQ366663
11676	None	DQ366664
11676	None	DQ366665
11676	None	DQ366666
11676	None	DQ369976
11676	None	DQ369977
11676	None	DQ369978
11676	None	DQ369979
11676	None	DQ369980
11676	None	DQ369981
11676	None	DQ369982
11676	None	DQ369983
11676	None	DQ369984
11676	None	DQ369985
11676	None	DQ369986
11676	None	DQ369987
11676	None	DQ369988
11676	None	DQ369989
11676	None	DQ369990
11676	None	DQ369991
11676	None	DQ369992
11676	None	DQ369993
11676	None	DQ369994
11676	None	DQ369995
11676	None	DQ369996
11676	None	DQ369997
11676	None	DQ369998
11676	None	DQ383746
11676	None	DQ383750
11676	None	DQ396364
11676	None	DQ396365
11676	None	DQ396366
11676	None	DQ396367
11676	None	DQ396368
11676	None	DQ396369
11676	None	DQ396370
11676	None	DQ396371
11676	None	DQ396372
11676	None	DQ396373
11676	None	DQ396374
11676	None	DQ396375
11676	None	DQ396376
11676	None	DQ396377
11676	None	DQ396378
11676	None	DQ396380
11676	None	DQ396381
11676	None	DQ396382
11676	None	DQ396383
11676	None	DQ396384
11676	None	DQ396385
11676	None	DQ396386
11676	None	DQ396387
11676	None	DQ396388
11676	None	DQ396389
11676	None	DQ396390
11676	None	DQ396391
11676	None	DQ396392
11676	None	DQ396393
11676	None	DQ396394
11676	None	DQ396395
11676	None	DQ396396
11676	None	DQ396397
11676	None	DQ396398
11676	None	DQ396399
11676	None	DQ396400
11676	None	DQ400856
11676	None	DQ445631
11676	None	DQ445632
11676	None	DQ445633
11676	None	DQ445634
11676	None	DQ445635
11676	None	DQ445636
11676	None	DQ445637
11676	None	DQ487188
11676	None	DQ487189
11676	None	DQ487190
11676	None	DQ487191
11676	None	DQ676870
11676	None	DQ676871
11676	None	DQ676872
11676	None	DQ676873
11676	None	DQ676874
11676	None	DQ676875
11676	None	DQ676876
11676	None	DQ676877
11676	None	DQ676878
11676	None	DQ676879
11676	None	DQ676880
11676	None	DQ676881
11676	None	DQ676882
11676	None	DQ676883
11676	None	DQ676884
11676	None	DQ676885
11676	None	DQ676886
11676	None	DQ676887
11676	None	DQ823367
11676	None	DQ837381
11676	None	DQ845386
11676	None	DQ845387
11676	None	DQ845388
11676	None	DQ853436
11676	None	DQ853437
11676	None	DQ853438
11676	None	DQ853439
11676	None	DQ853440
11676	None	DQ853441
11676	None	DQ853442
11676	None	DQ853443
11676	None	DQ853444
11676	None	DQ853445
11676	None	DQ853446
11676	None	DQ853447
11676	None	DQ853448
11676	None	DQ853449
11676	None	DQ853450
11676	None	DQ853451
11676	None	DQ853452
11676	None	DQ853453
11676	None	DQ853454
11676	None	DQ853455
11676	None	DQ853456
11676	None	DQ853457
11676	None	DQ853458
11676	None	DQ853459
11676	None	DQ853460
11676	None	DQ853461
11676	None	DQ853462
11676	None	DQ853463
11676	None	DQ853464
11676	None	DQ853465
11676	None	DQ854714
11676	None	DQ854715
11676	None	DQ854716
11676	None	DQ859178
11676	None	DQ859179
11676	None	DQ859180
11676	None	DQ886031
11676	None	DQ886032
11676	None	DQ886033
11676	None	DQ886034
11676	None	DQ886035
11676	None	DQ886036
11676	None	DQ886037
11676	None	DQ886038
11676	None	DQ912822
11676	None	DQ912823
11676	None	DQ978981
11676	None	DQ979023
11676	None	DQ979024
11676	None	DQ979025
11676	None	DQ990880
11676	None	EF029066
11676	None	EF029067
11676	None	EF029068
11676	None	EF029069
11676	None	EF036527
11676	None	EF036528
11676	None	EF036529
11676	None	EF036530
11676	None	EF036531
11676	None	EF036532
11676	None	EF036533
11676	None	EF036534
11676	None	EF036535
11676	None	EF036536
11676	None	EF057102
11676	None	EF078278
11676	None	EF078279
11676	None	EF091932
11676	None	EF175209
11676	None	EF175210
11676	None	EF175211
11676	None	EF175212
11676	None	EF178303
11676	None	EF178323
11676	None	EF178338
11676	None	EF178358
11676	None	EF178359
11676	None	EF178366
11676	None	EF178393
11676	None	EF178405
11676	None	EF178407
11676	None	EF192591
11676	None	EF192592
11676	None	EF363122
11676	None	EF363123
11676	None	EF363124
11676	None	EF363125
11676	None	EF363126
11676	None	EF363127
11676	None	EF368370
11676	None	EF368371
11676	None	EF368372
11676	None	EF420986
11676	None	EF420987
11676	None	EF469243
11676	None	EF495062
11676	None	EF514697
11676	None	EF514698
11676	None	EF514699
11676	None	EF514700
11676	None	EF514701
11676	None	EF514702
11676	None	EF514703
11676	None	EF514704
11676	None	EF514705
11676	None	EF514706
11676	None	EF514707
11676	None	EF514708
11676	None	EF514709
11676	None	EF514710
11676	None	EF514711
11676	None	EF514712
11676	None	EF514713
11676	None	EF545108
11676	None	EF633445
11676	None	EF637046
11676	None	EF637047
11676	None	EF637048
11676	None	EF637049
11676	None	EF637050
11676	None	EF637051
11676	None	EF637052
11676	None	EF637053
11676	None	EF637054
11676	None	EF637055
11676	None	EF637056
11676	None	EF637057
11676	None	EU000506
11676	None	EU000507
11676	None	EU000508
11676	None	EU000509
11676	None	EU000510
11676	None	EU000511
11676	None	EU000512
11676	None	EU000513
11676	None	EU000514
11676	None	EU000515
11676	None	EU000516
11676	None	EU031913
11676	None	EU031914
11676	None	EU031915
11676	None	EU110085
11676	None	EU110086
11676	None	EU110087
11676	None	EU110088
11676	None	EU110089
11676	None	EU110090
11676	None	EU110091
11676	None	EU110092
11676	None	EU110093
11676	None	EU110094
11676	None	EU110095
11676	None	EU110096
11676	None	EU110097
11676	None	EU170143
11676	None	EU170147
11676	None	EU170148
11676	None	EU170150
11676	None	EU220698
11676	None	EU293444
11676	None	EU293445
11676	None	EU293446
11676	None	EU293447
11676	None	EU293448
11676	None	EU293449
11676	None	EU293450
11676	None	EU446022
11676	None	EU448295
11676	None	EU448296
11676	None	EU541617
11676	None	EU547186
11676	None	EU616639
11676	None	EU616640
11676	None	EU616641
11676	None	EU616642
11676	None	EU616643
11676	None	EU616644
11676	None	EU616645
11676	None	EU616649
11676	None	EU693240
11676	None	EU697904
11676	None	EU697905
11676	None	EU697906
11676	None	EU697907
11676	None	EU697908
11676	None	EU697909
11676	None	EU735535
11676	None	EU735536
11676	None	EU735537
11676	None	EU735538
11676	None	EU735539
11676	None	EU735540
11676	None	EU743963
11676	None	EU743964
11676	None	EU786670
11676	None	EU786671
11676	None	EU786672
11676	None	EU786673
11676	None	EU786674
11676	None	EU786675
11676	None	EU786676
11676	None	EU786677
11676	None	EU786678
11676	None	EU786679
11676	None	EU786680
11676	None	EU786681
11676	None	EU861977
11676	None	EU884500
11676	None	EU884501
11676	None	FJ185228
11676	None	FJ185229
11676	None	FJ185230
11676	None	FJ185231
11676	None	FJ185232
11676	None	FJ185233
11676	None	FJ185234
11676	None	FJ185235
11676	None	FJ185236
11676	None	FJ185237
11676	None	FJ185238
11676	None	FJ185239
11676	None	FJ185240
11676	None	FJ185241
11676	None	FJ185242
11676	None	FJ185243
11676	None	FJ185244
11676	None	FJ185245
11676	None	FJ185246
11676	None	FJ185247
11676	None	FJ185248
11676	None	FJ185249
11676	None	FJ185250
11676	None	FJ185251
11676	None	FJ185252
11676	None	FJ185253
11676	None	FJ185254
11676	None	FJ185255
11676	None	FJ185256
11676	None	FJ185257
11676	None	FJ185258
11676	None	FJ185259
11676	None	FJ185260
11676	None	FJ195086
11676	None	FJ195087
11676	None	FJ195088
11676	None	FJ195089
11676	None	FJ195090
11676	None	FJ195091
11676	None	FJ213780
11676	None	FJ213781
11676	None	FJ213782
11676	None	FJ213783
11676	None	FJ358521
11676	None	FJ460499
11676	None	FJ460500
11676	None	FJ460501
11676	None	FJ495818
11676	None	FJ495819
11676	None	FJ495820
11676	None	FJ495821
11676	None	FJ495822
11676	None	FJ495823
11676	None	FJ495824
11676	None	FJ495825
11676	None	FJ495826
11676	None	FJ495937
11676	None	FJ495938
11676	None	FJ495939
11676	None	FJ495940
11676	None	FJ495941
11676	None	FJ495942
11676	None	FJ495943
11676	None	FJ496000
11676	None	FJ496001
11676	None	FJ496002
11676	None	FJ496003
11676	None	FJ496004
11676	None	FJ496005
11676	None	FJ496006
11676	None	FJ496007
11676	None	FJ496072
11676	None	FJ496073
11676	None	FJ496074
11676	None	FJ496075
11676	None	FJ496076
11676	None	FJ496077
11676	None	FJ496078
11676	None	FJ496079
11676	None	FJ496080
11676	None	FJ496081
11676	None	FJ496082
11676	None	FJ496083
11676	None	FJ496084
11676	None	FJ496085
11676	None	FJ496145
11676	None	FJ496146
11676	None	FJ496147
11676	None	FJ496148
11676	None	FJ496149
11676	None	FJ496150
11676	None	FJ496151
11676	None	FJ496152
11676	None	FJ496153
11676	None	FJ496154
11676	None	FJ496155
11676	None	FJ496156
11676	None	FJ496157
11676	None	FJ496158
11676	None	FJ496159
11676	None	FJ496160
11676	None	FJ496161
11676	None	FJ496162
11676	None	FJ496163
11676	None	FJ496164
11676	None	FJ496165
11676	None	FJ496166
11676	None	FJ496167
11676	None	FJ496168
11676	None	FJ496169
11676	None	FJ496170
11676	None	FJ496171
11676	None	FJ496172
11676	None	FJ496173
11676	None	FJ496174
11676	None	FJ496175
11676	None	FJ496176
11676	None	FJ496177
11676	None	FJ496178
11676	None	FJ496179
11676	None	FJ496180
11676	None	FJ496181
11676	None	FJ496182
11676	None	FJ496183
11676	None	FJ496184
11676	None	FJ496185
11676	None	FJ496186
11676	None	FJ496187
11676	None	FJ496188
11676	None	FJ496189
11676	None	FJ496190
11676	None	FJ496191
11676	None	FJ496192
11676	None	FJ496193
11676	None	FJ496194
11676	None	FJ496195
11676	None	FJ496196
11676	None	FJ496197
11676	None	FJ496198
11676	None	FJ496199
11676	None	FJ496200
11676	None	FJ496201
11676	None	FJ496202
11676	None	FJ496203
11676	None	FJ496204
11676	None	FJ496205
11676	None	FJ496206
11676	None	FJ496207
11676	None	FJ496208
11676	None	FJ496209
11676	None	FJ496210
11676	None	FJ496211
11676	None	FJ496212
11676	None	FJ496213
11676	None	FJ496214
11676	None	FJ623475
11676	None	FJ623476
11676	None	FJ623477
11676	None	FJ623478
11676	None	FJ623479
11676	None	FJ623480
11676	None	FJ623481
11676	None	FJ623482
11676	None	FJ623483
11676	None	FJ623484
11676	None	FJ623485
11676	None	FJ623486
11676	None	FJ623487
11676	None	FJ623488
11676	None	FJ623489
11676	None	FJ623490
11676	None	FJ623491
11676	None	FJ623492
11676	None	FJ623493
11676	None	FJ623494
11676	None	FJ623495
11676	None	FJ647145
11676	None	FJ670515
11676	None	FJ670516
11676	None	FJ670517
11676	None	FJ670518
11676	None	FJ670519
11676	None	FJ670520
11676	None	FJ670521
11676	None	FJ670522
11676	None	FJ670523
11676	None	FJ670524
11676	None	FJ670525
11676	None	FJ670526
11676	None	FJ670527
11676	None	FJ670528
11676	None	FJ670529
11676	None	FJ670530
11676	None	FJ670531
11676	None	FJ711703
11676	None	FJ771006
11676	None	FJ771007
11676	None	FJ771008
11676	None	FJ771009
11676	None	FJ771010
11676	None	FJ853620
11676	None	FJ853621
11676	None	FJ853622
11676	None	FJ864679
11676	None	FM877777
11676	None	FM877778
11676	None	FM877779
11676	None	FM877780
11676	None	FM877781
11676	None	FM877782
11676	None	FM877783
11676	None	FN392874
11676	None	FN392875
11676	None	FN392876
11676	None	FN392877
11676	None	FR846408
11676	None	FR846409
11676	None	FR846410
11676	None	GQ175881
11676	None	GQ175882
11676	None	GQ175883
11676	None	GQ277610
11676	None	GQ290462
11676	None	GQ365649
11676	None	GQ365650
11676	None	GQ365651
11676	None	GQ365652
11676	None	GQ372986
11676	None	GQ372987
11676	None	GQ372988
11676	None	GQ372989
11676	None	GQ372990
11676	None	GQ386774
11676	None	GQ386775
11676	None	GQ845124
11676	None	GQ845125
11676	None	GQ845126
11676	None	GQ999972
11676	None	GQ999973
11676	None	GQ999974
11676	None	GQ999975
11676	None	GQ999976
11676	None	GQ999977
11676	None	GQ999978
11676	None	GQ999979
11676	None	GQ999980
11676	None	GQ999981
11676	None	GQ999982
11676	None	GQ999983
11676	None	GQ999984
11676	None	GQ999985
11676	None	GQ999986
11676	None	GQ999987
11676	None	GQ999988
11676	None	GQ999989
11676	None	GQ999990
11676	None	GQ999991
11676	None	GU111555
11676	None	GU177863
11676	None	GU207884
11676	None	GU230137
11676	None	GU230139
11676	None	GU237072
11676	None	GU362013
11676	None	GU362882
11676	None	GU362886
11676	None	GU564222
11676	None	GU595148
11676	None	GU595149
11676	None	GU595150
11676	None	GU595151
11676	None	GU595152
11676	None	GU595153
11676	None	GU595154
11676	None	GU595155
11676	None	GU595157
11676	None	GU595158
11676	None	GU595159
11676	None	GU647196
11676	None	GU647197
11676	None	GU647198
11676	None	GU733713
11676	None	GU733714
11676	None	GU733715
11676	None	GU733716
11676	None	GU733717
11676	None	HM026455
11676	None	HM026456
11676	None	HM026457
11676	None	HM026458
11676	None	HM026459
11676	None	HM026460
11676	None	HM067748
11676	None	HM100716
11676	None	HM215249
11676	None	HM215250
11676	None	HM215251
11676	None	HM215252
11676	None	HM469972
11676	None	HM469973
11676	None	HM469974
11676	None	HM469975
11676	None	HM469976
11676	None	HM469977
11676	None	HM469978
11676	None	HM469979
11676	None	HM469980
11676	None	HM469981
11676	None	HM469982
11676	None	HM469983
11676	None	HM776938
11676	None	HM776939
11676	None	JF719818
11676	None	JF719819
11676	None	JF804805
11676	None	JF804806
11676	None	JF804807
11676	None	JF804808
11676	None	JF804809
11676	None	JF804810
11676	None	JF804811
11676	None	JF804812
11676	None	JF804813
11676	None	JF804814
11676	None	JN188292
11676	None	JN230353
11676	None	JN248320
11676	None	JN571034
11676	None	JN860761
11676	None	JN860762
11676	None	JN860763
11676	None	JN860764
11676	None	JN860765
11676	None	JN860766
11676	None	JN860767
11676	None	JN860768
11676	None	JN860769
11676	None	JQ316126
11676	None	JQ316127
11676	None	JQ316128
11676	None	JQ316129
11676	None	JQ316130
11676	None	JQ316131
11676	None	JQ316132
11676	None	JQ316133
11676	None	JQ316134
11676	None	JQ316135
11676	None	JQ316136
11676	None	JQ316137
11676	None	JQ316138
11676	None	JQ341411
11676	None	JQ429433
11676	None	JX503071
11676	None	JX503072
11676	None	JX503073
11676	None	JX503074
11676	None	JX503075
11676	None	JX503076
11676	None	JX503077
11676	None	JX503078
11676	None	JX503080
11676	None	JX503081
11676	None	JX503082
11676	None	JX503083
11676	None	JX574661
11676	None	JX574662
11676	None	JX574663
11676	None	JX960605
11676	None	JX960609
11676	None	JX960610
11676	None	JX960612
11676	None	JX960617
11676	None	JX960618
11676	None	JX960621
11676	None	JX960624
11676	None	K02007
11676	None	K02013
11676	None	K02083
11676	None	K03454
11676	None	K03455
11676	None	KC156114
11676	None	KC156115
11676	None	KC156116
11676	None	KC156117
11676	None	KC156118
11676	None	KC156119
11676	None	KC156120
11676	None	KC156121
11676	None	KC156122
11676	None	KC156123
11676	None	KC156124
11676	None	KC156125
11676	None	KC156126
11676	None	KC156127
11676	None	KC156128
11676	None	KC156129
11676	None	KC156130
11676	None	KC156210
11676	None	KC156211
11676	None	KC156212
11676	None	KC156213
11676	None	KC156214
11676	None	KC156215
11676	None	KC156216
11676	None	KC156217
11676	None	KC156218
11676	None	KC156219
11676	None	KC156220
11676	None	KC156221
11676	None	KC492737
11676	None	KC492738
11676	None	KC503852
11676	None	KC503853
11676	None	KC503854
11676	None	KC503855
11676	None	KC522031
11676	None	KC522032
11676	None	KC522033
11676	None	KC522034
11676	None	KC852172
11676	None	KC852173
11676	None	KC852174
11676	None	KC898975
11676	None	KC898976
11676	None	KC898977
11676	None	KC898978
11676	None	KC898979
11676	None	KC898981
11676	None	KC898982
11676	None	KC898983
11676	None	KC898984
11676	None	KC898985
11676	None	KC898986
11676	None	KC898987
11676	None	KC898988
11676	None	KC898989
11676	None	KC898990
11676	None	KC898991
11676	None	KC898992
11676	None	KC898993
11676	None	KC898994
11676	None	KC898995
11676	None	KC898996
11676	None	KC899006
11676	None	KC899007
11676	None	KC899008
11676	None	KC899009
11676	None	KC899010
11676	None	KC899011
11676	None	KC899012
11676	None	KC899013
11676	None	KC899014
11676	None	KC899015
11676	None	KC899079
11676	None	KC899080
11676	None	KC899081
11676	None	KC914396
11676	None	KC935957
11676	None	KC935958
11676	None	KC935959
11676	None	KF234628
11676	None	KF425293
11676	None	KF766537
11676	None	KF766538
11676	None	KF766539
11676	None	KF766540
11676	None	KF766541
11676	None	KF766542
11676	None	KF990605
11676	None	KF990606
11676	None	KF990607
11676	None	KF990608
11676	None	KJ704797
11676	None	KJ925006
11676	None	KM390026
11676	None	KM438031
11676	None	KM438032
11676	None	KP170487
11676	None	KP718914
11676	None	KP718915
11676	None	KP718916
11676	None	KP718917
11676	None	KP718918
11676	None	KP718919
11676	None	KP718920
11676	None	KP718921
11676	None	KP718922
11676	None	KP718923
11676	None	KP718924
11676	None	KP718925
11676	None	KP718926
11676	None	KP718927
11676	None	KP718928
11676	None	KP718929
11676	None	KP718930
11676	None	KP718931
11676	None	KP718932
11676	None	KP718933
11676	None	KP718934
11676	None	KP718935
11676	None	KP718936
11676	None	KP718937
11676	None	KP718938
11676	None	KT022360
11676	None	KT022361
11676	None	KT022362
11676	None	KT022363
11676	None	KT022364
11676	None	KT022365
11676	None	KT022366
11676	None	KT022367
11676	None	KT022368
11676	None	KT022369
11676	None	KT022370
11676	None	KT022371
11676	None	KT022372
11676	None	KT022373
11676	None	KT022374
11676	None	KT022375
11676	None	KT022376
11676	None	KT022377
11676	None	KT022378
11676	None	KT022379
11676	None	KT022380
11676	None	KT022381
11676	None	KT022382
11676	None	KT022383
11676	None	KT022384
11676	None	KT022385
11676	None	KT022386
11676	None	KT022387
11676	None	KT022388
11676	None	KT022389
11676	None	KT022390
11676	None	KT022391
11676	None	KT022392
11676	None	KT022393
11676	None	KT022394
11676	None	KT022395
11676	None	KT022396
11676	None	KT022397
11676	None	KT022398
11676	None	KT022399
11676	None	KT022400
11676	None	KT022401
11676	None	KT022402
11676	None	KT022403
11676	None	KT022404
11676	None	KT022405
11676	None	KT022406
11676	None	KT022407
11676	None	KT022408
11676	None	KT022409
11676	None	KT022410
11676	None	KT022411
11676	None	KT022412
11676	None	KT022413
11676	None	KT022414
11676	None	KT022415
11676	None	KT022416
11676	None	KT022417
11676	None	KT200348
11676	None	KT200349
11676	None	KT200350
11676	None	KT200351
11676	None	KT200352
11676	None	KT200353
11676	None	KT200354
11676	None	KT200355
11676	None	KT200356
11676	None	KT200357
11676	None	KT200358
11676	None	KT259308
11676	None	KT259309
11676	None	KT259310
11676	None	KT259311
11676	None	KT259312
11676	None	KT259313
11676	None	KT259314
11676	None	KT259315
11676	None	KT259316
11676	None	KT259317
11676	None	KT259318
11676	None	KT259319
11676	None	KT284371
11676	None	KT284372
11676	None	KT284373
11676	None	KT284374
11676	None	KT284375
11676	None	KT284376
11676	None	KT284377
11676	None	KT284378
11676	None	KT372798
11676	None	KT427649
11676	None	KT427650
11676	None	KT427651
11676	None	KT427670
11676	None	KT427671
11676	None	KT427674
11676	None	KT427675
11676	None	KT427676
11676	None	KT427692
11676	None	KT427698
11676	None	KT427699
11676	None	KT427700
11676	None	KT427701
11676	None	KT427705
11676	None	KT427706
11676	None	KT427708
11676	None	KT427709
11676	None	KT427711
11676	None	KT427715
11676	None	KT427716
11676	None	KT427717
11676	None	KT427718
11676	None	KT427719
11676	None	KT427720
11676	None	KT427721
11676	None	KT427722
11676	None	KT427723
11676	None	KT427724
11676	None	KT427725
11676	None	KT427726
11676	None	KT427727
11676	None	KT427728
11676	None	KT427729
11676	None	KT427730
11676	None	KT427731
11676	None	KT427732
11676	None	KT427733
11676	None	KT427734
11676	None	KT427735
11676	None	KT427736
11676	None	KT427737
11676	None	KT427738
11676	None	KT427739
11676	None	KT427740
11676	None	KT427741
11676	None	KT427742
11676	None	KT427743
11676	None	KT427744
11676	None	KT427745
11676	None	KT427746
11676	None	KT427747
11676	None	KT427748
11676	None	KT427749
11676	None	KT427750
11676	None	KT427751
11676	None	KT427752
11676	None	KT427753
11676	None	KT427754
11676	None	KT427755
11676	None	KT427756
11676	None	KT427757
11676	None	KT427758
11676	None	KT427759
11676	None	KT427760
11676	None	KT427761
11676	None	KT427762
11676	None	KT427763
11676	None	KT427764
11676	None	KT427765
11676	None	KT427766
11676	None	KT427767
11676	None	KT427768
11676	None	KT427769
11676	None	KT427770
11676	None	KT427771
11676	None	KT427772
11676	None	KT427773
11676	None	KT427774
11676	None	KT427775
11676	None	KT427776
11676	None	KT427777
11676	None	KT427778
11676	None	KT427779
11676	None	KT427780
11676	None	KT427781
11676	None	KT427782
11676	None	KT427783
11676	None	KT427784
11676	None	KT427785
11676	None	KT427786
11676	None	KT427787
11676	None	KT427788
11676	None	KT427789
11676	None	KT427790
11676	None	KT427791
11676	None	KT427792
11676	None	KT427793
11676	None	KT427794
11676	None	KT427795
11676	None	KT427796
11676	None	KT427797
11676	None	KT427798
11676	None	KT427799
11676	None	KT427800
11676	None	KT427801
11676	None	KT427803
11676	None	KT427805
11676	None	KT427806
11676	None	KT427807
11676	None	KT427808
11676	None	KT427809
11676	None	KT427810
11676	None	KT427815
11676	None	KT427816
11676	None	KT427817
11676	None	KT427818
11676	None	KT427819
11676	None	KT427820
11676	None	KT427823
11676	None	KT427824
11676	None	KT427825
11676	None	KT427826
11676	None	KT427827
11676	None	KT427828
11676	None	KT427829
11676	None	KT427830
11676	None	KT427831
11676	None	KT427865
11676	None	KT427869
11676	None	KT427870
11676	None	KT427872
11676	None	KT427873
11676	None	KT438782
11676	None	KT438783
11676	None	KT438784
11676	None	KT982201
11676	None	KU161143
11676	None	KU161144
11676	None	KU161145
11676	None	KU168256
11676	None	KU168257
11676	None	KU168258
11676	None	KU168259
11676	None	KU168260
11676	None	KU168261
11676	None	KU168262
11676	None	KU168263
11676	None	KU168264
11676	None	KU168265
11676	None	KU168266
11676	None	KU168267
11676	None	KU168268
11676	None	KU168269
11676	None	KU168270
11676	None	KU168271
11676	None	KU168272
11676	None	KU168273
11676	None	KU168274
11676	None	KU168275
11676	None	KU168276
11676	None	KU168277
11676	None	KU168278
11676	None	KU168279
11676	None	KU168280
11676	None	KU168281
11676	None	KU168282
11676	None	KU168283
11676	None	KU168284
11676	None	KU168285
11676	None	KU168286
11676	None	KU168288
11676	None	KU168289
11676	None	KU168290
11676	None	KU168291
11676	None	KU168292
11676	None	KU168293
11676	None	KU168294
11676	None	KU168295
11676	None	KU168296
11676	None	KU168297
11676	None	KU168298
11676	None	KU168299
11676	None	KU168300
11676	None	KU168301
11676	None	KU168302
11676	None	KU168303
11676	None	KU168304
11676	None	KU168305
11676	None	KU168306
11676	None	KU168307
11676	None	KU168308
11676	None	KU168309
11676	None	KU168310
11676	None	KU168311
11676	None	KU501256
11676	None	KU501257
11676	None	KU612900
11676	None	KU612901
11676	None	KU641402
11676	None	KU677989
11676	None	KU677990
11676	None	KU677991
11676	None	KU677992
11676	None	KU677993
11676	None	KU677994
11676	None	KU677995
11676	None	KU677996
11676	None	KU677997
11676	None	KU677998
11676	None	KU677999
11676	None	KU678000
11676	None	KU678001
11676	None	KU678025
11676	None	KU678026
11676	None	KU678027
11676	None	KU678028
11676	None	KU678029
11676	None	KU678030
11676	None	KU678031
11676	None	KU678032
11676	None	KU678034
11676	None	KU678035
11676	None	KU678036
11676	None	KU678049
11676	None	KU678050
11676	None	KU678051
11676	None	KU678052
11676	None	KU678053
11676	None	KU678054
11676	None	KU678055
11676	None	KU678056
11676	None	KU678058
11676	None	KU678059
11676	None	KU678060
11676	None	KU678061
11676	None	KU678062
11676	None	KU678069
11676	None	KU678070
11676	None	KU678071
11676	None	KU678074
11676	None	KU678075
11676	None	KU678076
11676	None	KU678077
11676	None	KU678080
11676	None	KU678081
11676	None	KU678082
11676	None	KU678083
11676	None	KU678124
11676	None	KU678125
11676	None	KU678139
11676	None	KU678140
11676	None	KU678141
11676	None	KU678143
11676	None	KU678144
11676	None	KU678145
11676	None	KU678161
11676	None	KU678162
11676	None	KU678163
11676	None	KU678164
11676	None	KU678165
11676	None	KU678166
11676	None	KU678167
11676	None	KU678168
11676	None	KU678169
11676	None	KU678170
11676	None	KU678171
11676	None	KU678172
11676	None	KU678173
11676	None	KU678174
11676	None	KU678175
11676	None	KU678176
11676	None	KU678177
11676	None	KU678178
11676	None	KU678179
11676	None	KU678180
11676	None	KU678191
11676	None	KU678192
11676	None	KU678193
11676	None	KU724103
11676	None	KU724104
11676	None	KU724105
11676	None	KU749387
11676	None	KU749388
11676	None	KU749389
11676	None	KU749390
11676	None	KU749391
11676	None	KU749392
11676	None	KU749393
11676	None	KU749394
11676	None	KU749395
11676	None	KU749396
11676	None	KU749397
11676	None	KU749398
11676	None	KU749399
11676	None	KU749400
11676	None	KU749401
11676	None	KU749402
11676	None	KU749403
11676	None	KU749404
11676	None	KU749405
11676	None	KU749406
11676	None	KU749407
11676	None	KU749408
11676	None	KU749409
11676	None	KU749410
11676	None	KU749411
11676	None	KU749412
11676	None	KU749413
11676	None	KU749414
11676	None	KU749415
11676	None	KU749416
11676	None	KU749417
11676	None	KU749418
11676	None	KU749419
11676	None	KU749420
11676	None	KU749421
11676	None	KU749422
11676	None	KU749423
11676	None	KU749424
11676	None	KU749425
11676	None	KU749426
11676	None	KU749427
11676	None	KU749428
11676	None	KU749429
11676	None	KU749430
11676	None	KU749431
11676	None	KU749432
11676	None	KU886698
11676	None	KU992928
11676	None	KU992929
11676	None	KU992930
11676	None	KU992931
11676	None	KU992932
11676	None	KU992933
11676	None	KU992934
11676	None	KU992935
11676	None	KU992936
11676	None	KU992937
11676	None	KX069219
11676	None	KX069220
11676	None	KX069221
11676	None	KX069222
11676	None	KX069223
11676	None	KX069224
11676	None	KX069225
11676	None	KX069226
11676	None	KX069227
11676	None	KX069228
11676	None	KX159285
11676	None	KX228799
11676	None	KX228800
11676	None	KX228801
11676	None	KX228802
11676	None	KX228803
11676	None	KX228804
11676	None	KX228805
11676	None	KX228806
11676	None	KX228807
11676	None	KX228808
11676	None	KX228809
11676	None	KX228810
11676	None	KX228811
11676	None	KX228812
11676	None	KX228813
11676	None	KX228814
11676	None	KX228815
11676	None	KX228816
11676	None	KX228817
11676	None	KX228818
11676	None	KX228819
11676	None	KX228820
11676	None	KX228821
11676	None	KX228822
11676	None	KX228823
11676	None	KX228824
11676	None	KX228825
11676	None	KX232594
11676	None	KX232595
11676	None	KX232596
11676	None	KX232597
11676	None	KX232599
11676	None	KX232600
11676	None	KX232601
11676	None	KX232602
11676	None	KX232604
11676	None	KX232605
11676	None	KX232606
11676	None	KX232607
11676	None	KX232608
11676	None	KX232609
11676	None	KX232610
11676	None	KX232611
11676	None	KX232612
11676	None	KX232613
11676	None	KX232614
11676	None	KX232615
11676	None	KX232616
11676	None	KX232617
11676	None	KX232618
11676	None	KX232619
11676	None	KX232620
11676	None	KX232621
11676	None	KX232622
11676	None	KX232623
11676	None	KX232624
11676	None	KX232625
11676	None	KX232626
11676	None	KX232627
11676	None	KX232628
11676	None	KX232629
11676	None	KX353919
11676	None	KX378999
11676	None	KX379000
11676	None	KX673818
11676	None	KX673819
11676	None	KX673820
11676	None	KX673821
11676	None	KY112585
11676	None	KY359380
11676	None	KY359381
11676	None	KY359382
11676	None	KY359383
11676	None	KY359384
11676	None	KY359385
11676	None	KY364886
11676	None	KY392767
11676	None	KY392768
11676	None	KY392769
11676	None	KY392770
11676	None	KY392771
11676	None	KY392772
11676	None	KY392773
11676	None	KY392774
11676	None	KY392775
11676	None	KY392776
11676	None	KY392777
11676	None	KY392778
11676	None	KY392779
11676	None	KY392780
11676	None	KY465967
11676	None	KY465968
11676	None	KY465969
11676	None	KY496622
11676	None	KY496623
11676	None	KY496624
11676	None	KY498771
11676	None	KY514084
11676	None	KY514085
11676	None	KY557336
11676	None	KY658681
11676	None	KY658682
11676	None	KY658683
11676	None	KY658684
11676	None	KY658685
11676	None	KY658686
11676	None	KY658687
11676	None	KY658688
11676	None	KY658689
11676	None	KY658690
11676	None	KY658691
11676	None	KY658692
11676	None	KY658693
11676	None	KY658694
11676	None	KY658695
11676	None	KY658696
11676	None	KY658697
11676	None	KY658698
11676	None	KY658699
11676	None	KY658700
11676	None	KY658701
11676	None	KY658702
11676	None	KY658703
11676	None	KY658704
11676	None	KY658705
11676	None	KY658706
11676	None	KY658707
11676	None	KY658708
11676	None	KY658709
11676	None	KY658710
11676	None	KY658711
11676	None	KY658712
11676	None	KY658713
11676	None	KY658714
11676	None	KY658715
11676	None	KY658716
11676	None	KY658717
11676	None	KY658718
11676	None	KY658719
11676	None	KY768913
11676	None	KY774663
11676	None	KY778445
11676	None	KY778450
11676	None	KY778456
11676	None	KY778468
11676	None	KY778473
11676	None	KY778479
11676	None	KY778482
11676	None	KY778486
11676	None	KY778487
11676	None	KY778496
11676	None	KY778502
11676	None	KY778510
11676	None	KY778516
11676	None	KY778517
11676	None	KY778521
11676	None	KY778529
11676	None	KY778545
11676	None	KY778694
11676	None	KY950610
11676	None	KY953197
11676	None	KY953198
11676	None	KY953199
11676	None	KY953200
11676	None	KY953201
11676	None	KY953202
11676	None	KY953203
11676	None	KY953204
11676	None	KY953205
11676	None	KY953206
11676	None	KY953207
11676	None	KY989949
11676	None	KY989950
11676	None	KY989951
11676	None	KY989952
11676	None	KY989953
11676	None	KY989954
11676	None	KY989955
11676	None	KY989956
11676	None	KY989957
11676	None	KY995542
11676	None	L02317
11676	None	L20571
11676	None	L20587
11676	None	L31963
11676	None	L39106
11676	None	LC027100
11676	None	LC312713
11676	None	LC312714
11676	None	LC312715
11676	None	M17449
11676	None	M17451
11676	None	M22639
11676	None	M26727
11676	None	M27323
11676	None	M38429
11676	None	M38431
11676	None	M62320
11676	None	M93258
11676	None	M93259
11676	None	MF372644
11676	None	MF372645
11676	None	MF372646
11676	None	MF372647
11676	None	MF372648
11676	None	MF372649
11676	None	MF372650
11676	None	MF372651
11676	None	MF373124
11676	None	MF373125
11676	None	MF373126
11676	None	MF373127
11676	None	MF373128
11676	None	MF373129
11676	None	MF373130
11676	None	MF373131
11676	None	MF373132
11676	None	MF373133
11676	None	MF373134
11676	None	MF373135
11676	None	MF373136
11676	None	MF373137
11676	None	MF373138
11676	None	MF373139
11676	None	MF373140
11676	None	MF373141
11676	None	MF373142
11676	None	MF373143
11676	None	MF373144
11676	None	MF373145
11676	None	MF373146
11676	None	MF373147
11676	None	MF373148
11676	None	MF373149
11676	None	MF373150
11676	None	MF373151
11676	None	MF373152
11676	None	MF373153
11676	None	MF373154
11676	None	MF373155
11676	None	MF373156
11676	None	MF373157
11676	None	MF373158
11676	None	MF373159
11676	None	MF373160
11676	None	MF373161
11676	None	MF373162
11676	None	MF373163
11676	None	MF373164
11676	None	MF373165
11676	None	MF373166
11676	None	MF373167
11676	None	MF373168
11676	None	MF373169
11676	None	MF373170
11676	None	MF373171
11676	None	MF373172
11676	None	MF373173
11676	None	MF373174
11676	None	MF373175
11676	None	MF373176
11676	None	MF373177
11676	None	MF373178
11676	None	MF373179
11676	None	MF373180
11676	None	MF373181
11676	None	MF373182
11676	None	MF373183
11676	None	MF373184
11676	None	MF373185
11676	None	MF373186
11676	None	MF373187
11676	None	MF373188
11676	None	MF373189
11676	None	MF373190
11676	None	MF373191
11676	None	MF373192
11676	None	MF373193
11676	None	MF373194
11676	None	MF373195
11676	None	MF373196
11676	None	MF373197
11676	None	MF373198
11676	None	MF373199
11676	None	MF373200
11676	None	MF373201
11676	None	MF373202
11676	None	MF373203
11676	None	MF373204
11676	None	MF373205
11676	None	MF373206
11676	None	MF373389
11676	None	MF379808
11676	None	MF614605
11676	None	MF614606
11676	None	MF614607
11676	None	MF614608
11676	None	MF614609
11676	None	MF614610
11676	None	MF614611
11676	None	MF614612
11676	None	MF614613
11676	None	MF614614
11676	None	MF614615
11676	None	MF767262
11676	None	MG171201
11676	None	MG171202
11676	None	MG171203
11676	None	MG171204
11676	None	MG171205
11676	None	MG171206
11676	None	MG461319
11676	None	MG461320
11676	None	MG461321
11676	None	MG461322
11676	None	MG571981
11676	None	MG571982
11676	None	MG571983
11676	None	MG571986
11676	None	MG571987
11676	None	MG571988
11676	None	MG571991
11676	None	MG571999
11676	None	MG572002
11676	None	MG572010
11676	None	MG572011
11676	None	MG902950
11676	None	MG902951
11676	None	MH029899
11676	None	MH141491
11676	None	MH141492
11676	None	MH141493
11676	None	MH141494
11676	None	MH220193
11676	None	MH220194
11676	None	MH330337
11676	None	MH330338
11676	None	MH330339
11676	None	MH330340
11676	None	MH330341
11676	None	MH330342
11676	None	MH330343
11676	None	MH330344
11676	None	MH330345
11676	None	MH330346
11676	None	MH330347
11676	None	MH330348
11676	None	MH330349
11676	None	MH330350
11676	None	MH330351
11676	None	MH330352
11676	None	MH330353
11676	None	MH330354
11676	None	MH330355
11676	None	MH330356
11676	None	MH330357
11676	None	MH330358
11676	None	MH330359
11676	None	MH330360
11676	None	MH330361
11676	None	MH330362
11676	None	MH330363
11676	None	MH330364
11676	None	MH330365
11676	None	MH330366
11676	None	MH330367
11676	None	MH330368
11676	None	MH330369
11676	None	MH330370
11676	None	MH330371
11676	None	MH330372
11676	None	MH330373
11676	None	MH330374
11676	None	MH330375
11676	None	MH330376
11676	None	MH330377
11676	None	MH330378
11676	None	MH330379
11676	None	MH330380
11676	None	MH330381
11676	None	MH377336
11676	None	MH388438
11676	None	MH396608
11676	None	MH396609
11676	None	MH431770
11676	None	MH431788
11676	None	MH479275
11676	None	MH479276
11676	None	MH683549
11676	None	MH683550
11676	None	MH705152
11676	None	MH705156
11676	None	MH746252
11676	None	MH746253
11676	None	MH746254
11676	None	MH746255
11676	None	MH746256
11676	None	MH746257
11676	None	MH746258
11676	None	MH746259
11676	None	MH746260
11676	None	MH746261
11676	None	MH746262
11676	None	MH746263
11676	None	MH746264
11676	None	MH746265
11676	None	MH746266
11676	None	MH801989
11676	None	MH843712
11676	None	MH843713
11676	None	MH843935
11676	None	MH909569
11676	None	MH909570
11676	None	MH933704
11676	None	MH933706
11676	None	MH933707
11676	None	MH933708
11676	None	MH933709
11676	None	MH933711
11676	None	MH938677
11676	None	MH938678
11676	None	MH986013
11676	None	MH986014
11676	None	MK041551
11676	None	MK041556
11676	None	MK041561
11676	None	MK041562
11676	None	MK041564
11676	None	MK041566
11676	None	MK041568
11676	None	MK041573
11676	None	MK041577
11676	None	MK041578
11676	None	MK041584
11676	None	MK086109
11676	None	MK086110
11676	None	MK086111
11676	None	MK086112
11676	None	MK086113
11676	None	MK086114
11676	None	MK086115
11676	None	MK086116
11676	None	MK086117
11676	None	MK086118
11676	None	MK086119
11676	None	MK086120
11676	None	MK086121
11676	None	MK086122
11676	None	MK086123
11676	None	MK086124
11676	None	MK086125
11676	None	MK086126
11676	None	MK086127
11676	None	MK086128
11676	None	MK086129
11676	None	MK086130
11676	None	MK086131
11676	None	MK086132
11676	None	MK095228
11676	None	MK095229
11676	None	MK095230
11676	None	MK095231
11676	None	MK095232
11676	None	MK095234
11676	None	MK095236
11676	None	MK254637
11676	None	MK254639
11676	None	MK371104
11676	None	MK397970
11676	None	MK474158
11676	None	MK490580
11676	None	MK650464
11676	None	MK757421
11676	None	MK850457
11676	None	MN044632
11676	None	MN090187
11676	None	MN090188
11676	None	MN090189
11676	None	MN090190
11676	None	MN090191
11676	None	MN090192
11676	None	MN090193
11676	None	MN090194
11676	None	MN090195
11676	None	MN090196
11676	None	MN090197
11676	None	MN090198
11676	None	MN090199
11676	None	MN090200
11676	None	MN090201
11676	None	MN090202
11676	None	MN090203
11676	None	MN090204
11676	None	MN090205
11676	None	MN090206
11676	None	MN090207
11676	None	MN090208
11676	None	MN090209
11676	None	MN090210
11676	None	MN090211
11676	None	MN090212
11676	None	MN090213
11676	None	MN090214
11676	None	MN090215
11676	None	MN090216
11676	None	MN090217
11676	None	MN090218
11676	None	MN090219
11676	None	MN090220
11676	None	MN090221
11676	None	MN090222
11676	None	MN090223
11676	None	MN090224
11676	None	MN090225
11676	None	MN090226
11676	None	MN090227
11676	None	MN090228
11676	None	MN090229
11676	None	MN090230
11676	None	MN090231
11676	None	MN090232
11676	None	MN090233
11676	None	MN090234
11676	None	MN090235
11676	None	MN090236
11676	None	MN090237
11676	None	MN090238
11676	None	MN090239
11676	None	MN090240
11676	None	MN090241
11676	None	MN090242
11676	None	MN090243
11676	None	MN090244
11676	None	MN090245
11676	None	MN090246
11676	None	MN090247
11676	None	MN090248
11676	None	MN090249
11676	None	MN090250
11676	None	MN090251
11676	None	MN090252
11676	None	MN090253
11676	None	MN090254
11676	None	MN090255
11676	None	MN090256
11676	None	MN090257
11676	None	MN090258
11676	None	MN090259
11676	None	MN090260
11676	None	MN090261
11676	None	MN090262
11676	None	MN090263
11676	None	MN090264
11676	None	MN090265
11676	None	MN090266
11676	None	MN090267
11676	None	MN090268
11676	None	MN090269
11676	None	MN090270
11676	None	MN090271
11676	None	MN090272
11676	None	MN090273
11676	None	MN090274
11676	None	MN090275
11676	None	MN090276
11676	None	MN090277
11676	None	MN090278
11676	None	MN090279
11676	None	MN090280
11676	None	MN090281
11676	None	MN090282
11676	None	MN090283
11676	None	MN090284
11676	None	MN090285
11676	None	MN090286
11676	None	MN090287
11676	None	MN090288
11676	None	MN090289
11676	None	MN090290
11676	None	MN090291
11676	None	MN090292
11676	None	MN090293
11676	None	MN090294
11676	None	MN090295
11676	None	MN090296
11676	None	MN090297
11676	None	MN090298
11676	None	MN090299
11676	None	MN090300
11676	None	MN090301
11676	None	MN090302
11676	None	MN090303
11676	None	MN090304
11676	None	MN090305
11676	None	MN090306
11676	None	MN090307
11676	None	MN090308
11676	None	MN090309
11676	None	MN090310
11676	None	MN090311
11676	None	MN090312
11676	None	MN090313
11676	None	MN090314
11676	None	MN090315
11676	None	MN090316
11676	None	MN090317
11676	None	MN090318
11676	None	MN090319
11676	None	MN090320
11676	None	MN090321
11676	None	MN090322
11676	None	MN090323
11676	None	MN090324
11676	None	MN090325
11676	None	MN090326
11676	None	MN090327
11676	None	MN090328
11676	None	MN090329
11676	None	MN090330
11676	None	MN090331
11676	None	MN090332
11676	None	MN090333
11676	None	MN090334
11676	None	MN090335
11676	None	MN090336
11676	None	MN090337
11676	None	MN090338
11676	None	MN090339
11676	None	MN090340
11676	None	MN090341
11676	None	MN090342
11676	None	MN090343
11676	None	MN090344
11676	None	MN090345
11676	None	MN090346
11676	None	MN090347
11676	None	MN090348
11676	None	MN090349
11676	None	MN090350
11676	None	MN090351
11676	None	MN090352
11676	None	MN090353
11676	None	MN090354
11676	None	MN090355
11676	None	MN090356
11676	None	MN090357
11676	None	MN090358
11676	None	MN090359
11676	None	MN090360
11676	None	MN090361
11676	None	MN090362
11676	None	MN090363
11676	None	MN090364
11676	None	MN090365
11676	None	MN090366
11676	None	MN090367
11676	None	MN090368
11676	None	MN090369
11676	None	MN090370
11676	None	MN090371
11676	None	MN090372
11676	None	MN090373
11676	None	MN090374
11676	None	MN090375
11676	None	MN090376
11676	None	MN090377
11676	None	MN090378
11676	None	MN090379
11676	None	MN090380
11676	None	MN090381
11676	None	MN090382
11676	None	MN090383
11676	None	MN090384
11676	None	MN090385
11676	None	MN090386
11676	None	MN090387
11676	None	MN090388
11676	None	MN090389
11676	None	MN090390
11676	None	MN090391
11676	None	MN090392
11676	None	MN090393
11676	None	MN090394
11676	None	MN090395
11676	None	MN090396
11676	None	MN090397
11676	None	MN090398
11676	None	MN090399
11676	None	MN090400
11676	None	MN090401
11676	None	MN090402
11676	None	MN090403
11676	None	MN090404
11676	None	MN090405
11676	None	MN090406
11676	None	MN090407
11676	None	MN090408
11676	None	MN090409
11676	None	MN090410
11676	None	MN090411
11676	None	MN090412
11676	None	MN090413
11676	None	MN090414
11676	None	MN090415
11676	None	MN090416
11676	None	MN090417
11676	None	MN090418
11676	None	MN090419
11676	None	MN090420
11676	None	MN090421
11676	None	MN090422
11676	None	MN090423
11676	None	MN090424
11676	None	MN090425
11676	None	MN090426
11676	None	MN090427
11676	None	MN090428
11676	None	MN090429
11676	None	MN090430
11676	None	MN090431
11676	None	MN090432
11676	None	MN090433
11676	None	MN090434
11676	None	MN090435
11676	None	MN090436
11676	None	MN090437
11676	None	MN090438
11676	None	MN090439
11676	None	MN090440
11676	None	MN090441
11676	None	MN090442
11676	None	MN090443
11676	None	MN090444
11676	None	MN090445
11676	None	MN090446
11676	None	MN090447
11676	None	MN090448
11676	None	MN090449
11676	None	MN090450
11676	None	MN090451
11676	None	MN090452
11676	None	MN090453
11676	None	MN090454
11676	None	MN090455
11676	None	MN090456
11676	None	MN090457
11676	None	MN090458
11676	None	MN090459
11676	None	MN090460
11676	None	MN090461
11676	None	MN090462
11676	None	MN090463
11676	None	MN090464
11676	None	MN090465
11676	None	MN090466
11676	None	MN090467
11676	None	MN090468
11676	None	MN090469
11676	None	MN090470
11676	None	MN090471
11676	None	MN090472
11676	None	MN090473
11676	None	MN090474
11676	None	MN090475
11676	None	MN090476
11676	None	MN090477
11676	None	MN090478
11676	None	MN090479
11676	None	MN090480
11676	None	MN090481
11676	None	MN090482
11676	None	MN090483
11676	None	MN090484
11676	None	MN090485
11676	None	MN090486
11676	None	MN090487
11676	None	MN090488
11676	None	MN090489
11676	None	MN090490
11676	None	MN090491
11676	None	MN090492
11676	None	MN090493
11676	None	MN090494
11676	None	MN090495
11676	None	MN090496
11676	None	MN090497
11676	None	MN090498
11676	None	MN090499
11676	None	MN090500
11676	None	MN090501
11676	None	MN090502
11676	None	MN090503
11676	None	MN090504
11676	None	MN090505
11676	None	MN090506
11676	None	MN090507
11676	None	MN090508
11676	None	MN090509
11676	None	MN090510
11676	None	MN090511
11676	None	MN090512
11676	None	MN090513
11676	None	MN090514
11676	None	MN090515
11676	None	MN090516
11676	None	MN090517
11676	None	MN090518
11676	None	MN090519
11676	None	MN090520
11676	None	MN090521
11676	None	MN090522
11676	None	MN090523
11676	None	MN090524
11676	None	MN090525
11676	None	MN090526
11676	None	MN090527
11676	None	MN090528
11676	None	MN090529
11676	None	MN090530
11676	None	MN090531
11676	None	MN090532
11676	None	MN090533
11676	None	MN090534
11676	None	MN090535
11676	None	MN090536
11676	None	MN090537
11676	None	MN090538
11676	None	MN090539
11676	None	MN090540
11676	None	MN090541
11676	None	MN090542
11676	None	MN090543
11676	None	MN090544
11676	None	MN090545
11676	None	MN090546
11676	None	MN090547
11676	None	MN090548
11676	None	MN090549
11676	None	MN090550
11676	None	MN090551
11676	None	MN090552
11676	None	MN090553
11676	None	MN090554
11676	None	MN090555
11676	None	MN090556
11676	None	MN090557
11676	None	MN090558
11676	None	MN090559
11676	None	MN090560
11676	None	MN090561
11676	None	MN090562
11676	None	MN090563
11676	None	MN090564
11676	None	MN090565
11676	None	MN090566
11676	None	MN090567
11676	None	MN090568
11676	None	MN090569
11676	None	MN090570
11676	None	MN090571
11676	None	MN090572
11676	None	MN090573
11676	None	MN090574
11676	None	MN090575
11676	None	MN090576
11676	None	MN090577
11676	None	MN090578
11676	None	MN090579
11676	None	MN090580
11676	None	MN090581
11676	None	MN090582
11676	None	MN090583
11676	None	MN090584
11676	None	MN090585
11676	None	MN090586
11676	None	MN090587
11676	None	MN090588
11676	None	MN090589
11676	None	MN090590
11676	None	MN090591
11676	None	MN090592
11676	None	MN090593
11676	None	MN090594
11676	None	MN090595
11676	None	MN090596
11676	None	MN090597
11676	None	MN090598
11676	None	MN090599
11676	None	MN090600
11676	None	MN090601
11676	None	MN090602
11676	None	MN090603
11676	None	MN090604
11676	None	MN090605
11676	None	MN090606
11676	None	MN090607
11676	None	MN090608
11676	None	MN090609
11676	None	MN090610
11676	None	MN090611
11676	None	MN090612
11676	None	MN090613
11676	None	MN090614
11676	None	MN090615
11676	None	MN090616
11676	None	MN090617
11676	None	MN090618
11676	None	MN090619
11676	None	MN090620
11676	None	MN090621
11676	None	MN090622
11676	None	MN090623
11676	None	MN090624
11676	None	MN090625
11676	None	MN090626
11676	None	MN090627
11676	None	MN090628
11676	None	MN090629
11676	None	MN090630
11676	None	MN090631
11676	None	MN090632
11676	None	MN090633
11676	None	MN090634
11676	None	MN090635
11676	None	MN090636
11676	None	MN090637
11676	None	MN090638
11676	None	MN090639
11676	None	MN090640
11676	None	MN090641
11676	None	MN090642
11676	None	MN090643
11676	None	MN090644
11676	None	MN090645
11676	None	MN090646
11676	None	MN090647
11676	None	MN090648
11676	None	MN090649
11676	None	MN090650
11676	None	MN090651
11676	None	MN090652
11676	None	MN090653
11676	None	MN090654
11676	None	MN090655
11676	None	MN090656
11676	None	MN090657
11676	None	MN090658
11676	None	MN090659
11676	None	MN090660
11676	None	MN090661
11676	None	MN090662
11676	None	MN090663
11676	None	MN090664
11676	None	MN090665
11676	None	MN090666
11676	None	MN090667
11676	None	MN090668
11676	None	MN090669
11676	None	MN090670
11676	None	MN090671
11676	None	MN090672
11676	None	MN090673
11676	None	MN090674
11676	None	MN090675
11676	None	MN090676
11676	None	MN090677
11676	None	MN090678
11676	None	MN090679
11676	None	MN090680
11676	None	MN090681
11676	None	MN090682
11676	None	MN090683
11676	None	MN090684
11676	None	MN090685
11676	None	MN090686
11676	None	MN090687
11676	None	MN090688
11676	None	MN090689
11676	None	MN090690
11676	None	MN090691
11676	None	MN090692
11676	None	MN090693
11676	None	MN090694
11676	None	MN090695
11676	None	MN090696
11676	None	MN090697
11676	None	MN090698
11676	None	MN090699
11676	None	MN090700
11676	None	MN090701
11676	None	MN090702
11676	None	MN090703
11676	None	MN090704
11676	None	MN090705
11676	None	MN090706
11676	None	MN090707
11676	None	MN090708
11676	None	MN090709
11676	None	MN090710
11676	None	MN090711
11676	None	MN090712
11676	None	MN090713
11676	None	MN090714
11676	None	MN090715
11676	None	MN090716
11676	None	MN090717
11676	None	MN090718
11676	None	MN090719
11676	None	MN090720
11676	None	MN090721
11676	None	MN090722
11676	None	MN090723
11676	None	MN090724
11676	None	MN090725
11676	None	MN090726
11676	None	MN090727
11676	None	MN090728
11676	None	MN090729
11676	None	MN090730
11676	None	MN090731
11676	None	MN090732
11676	None	MN090733
11676	None	MN090734
11676	None	MN090735
11676	None	MN090736
11676	None	MN090737
11676	None	MN090738
11676	None	MN090739
11676	None	MN090740
11676	None	MN090741
11676	None	MN090742
11676	None	MN090743
11676	None	MN090744
11676	None	MN090745
11676	None	MN090746
11676	None	MN090747
11676	None	MN090748
11676	None	MN090749
11676	None	MN090750
11676	None	MN090751
11676	None	MN090752
11676	None	MN090753
11676	None	MN090754
11676	None	MN090755
11676	None	MN090756
11676	None	MN090757
11676	None	MN090758
11676	None	MN090759
11676	None	MN090760
11676	None	MN090761
11676	None	MN090762
11676	None	MN090763
11676	None	MN090764
11676	None	MN090765
11676	None	MN090766
11676	None	MN090767
11676	None	MN090768
11676	None	MN090769
11676	None	MN090770
11676	None	MN090771
11676	None	MN090772
11676	None	MN090773
11676	None	MN090774
11676	None	MN090775
11676	None	MN090776
11676	None	MN090777
11676	None	MN090778
11676	None	MN090779
11676	None	MN090780
11676	None	MN090781
11676	None	MN090782
11676	None	MN090783
11676	None	MN090784
11676	None	MN090785
11676	None	MN090786
11676	None	MN090787
11676	None	MN090788
11676	None	MN090789
11676	None	MN090790
11676	None	MN090791
11676	None	MN090792
11676	None	MN090793
11676	None	MN090794
11676	None	MN090795
11676	None	MN090796
11676	None	MN090797
11676	None	MN090798
11676	None	MN090799
11676	None	MN090800
11676	None	MN090801
11676	None	MN090802
11676	None	MN090803
11676	None	MN090804
11676	None	MN090805
11676	None	MN090806
11676	None	MN090807
11676	None	MN090808
11676	None	MN090809
11676	None	MN090810
11676	None	MN090811
11676	None	MN090812
11676	None	MN090813
11676	None	MN090814
11676	None	MN090815
11676	None	MN090816
11676	None	MN090817
11676	None	MN090818
11676	None	MN090819
11676	None	MN090820
11676	None	MN090821
11676	None	MN090822
11676	None	MN090823
11676	None	MN090824
11676	None	MN090825
11676	None	MN090826
11676	None	MN090827
11676	None	MN090828
11676	None	MN090829
11676	None	MN090830
11676	None	MN090831
11676	None	MN090832
11676	None	MN090833
11676	None	MN090834
11676	None	MN090835
11676	None	MN090836
11676	None	MN090837
11676	None	MN090838
11676	None	MN090839
11676	None	MN090840
11676	None	MN090841
11676	None	MN090842
11676	None	MN090843
11676	None	MN090844
11676	None	MN090845
11676	None	MN090846
11676	None	MN090847
11676	None	MN090848
11676	None	MN090849
11676	None	MN090850
11676	None	MN090851
11676	None	MN090852
11676	None	MN090853
11676	None	MN090854
11676	None	MN090855
11676	None	MN090856
11676	None	MN090857
11676	None	MN090858
11676	None	MN090859
11676	None	MN090860
11676	None	MN090861
11676	None	MN090862
11676	None	MN090863
11676	None	MN090864
11676	None	MN090865
11676	None	MN090866
11676	None	MN090867
11676	None	MN090868
11676	None	MN090869
11676	None	MN090870
11676	None	MN090871
11676	None	MN090872
11676	None	MN090873
11676	None	MN090874
11676	None	MN090875
11676	None	MN090876
11676	None	MN090877
11676	None	MN090878
11676	None	MN090879
11676	None	MN090880
11676	None	MN090881
11676	None	MN090882
11676	None	MN090883
11676	None	MN090884
11676	None	MN090885
11676	None	MN090886
11676	None	MN090887
11676	None	MN090888
11676	None	MN090889
11676	None	MN090890
11676	None	MN090891
11676	None	MN090892
11676	None	MN090893
11676	None	MN090894
11676	None	MN090895
11676	None	MN090896
11676	None	MN090897
11676	None	MN090898
11676	None	MN090899
11676	None	MN090900
11676	None	MN090901
11676	None	MN090902
11676	None	MN090903
11676	None	MN090904
11676	None	MN090905
11676	None	MN090906
11676	None	MN090907
11676	None	MN090908
11676	None	MN090909
11676	None	MN090910
11676	None	MN090911
11676	None	MN090912
11676	None	MN090913
11676	None	MN090914
11676	None	MN090915
11676	None	MN090916
11676	None	MN090917
11676	None	MN090918
11676	None	MN090919
11676	None	MN090920
11676	None	MN090921
11676	None	MN090922
11676	None	MN090923
11676	None	MN090924
11676	None	MN090925
11676	None	MN090926
11676	None	MN090927
11676	None	MN090928
11676	None	MN090929
11676	None	MN090930
11676	None	MN090931
11676	None	MN090932
11676	None	MN090933
11676	None	MN090934
11676	None	MN090935
11676	None	MN090936
11676	None	MN090937
11676	None	MN090938
11676	None	MN090939
11676	None	MN090940
11676	None	MN090941
11676	None	MN090942
11676	None	MN090943
11676	None	U12055
11676	None	U21135
11676	None	U23487
11676	None	U26546
11676	None	U26942
11676	None	U34603
11676	None	U34604
11676	None	U37270
11676	None	U39362
11676	None	U43096
11676	None	U43141
11676	None	U46016
11676	None	U51188
11676	None	U51189
11676	None	U51190
11676	None	U52953
11676	None	U54771
11676	None	U63632
11676	None	U69584
11676	None	U69585
11676	None	U69586
11676	None	U69587
11676	None	U69588
11676	None	U69589
11676	None	U69590
11676	None	U69591
11676	None	U69592
11676	None	U69593
11676	None	U71182
11676	None	U86780
11676	None	U88822
11676	None	U88823
11676	None	U88824
11676	None	U88825
11676	None	U88826
11676	None	X01762
11676	None	X04415
11676	None	Z11530
